{
  "format_version": "1.20.60",
  "minecraft:biome": {
    "description": {
      "identifier": "deep_dark"
    },
    "components": {
      "minecraft:climate": {
        "temperature": 0.8,
        "downfall": 0.4
      },
      "minecraft:overworld_height": {
        "noise_type": "default"
      },
      "minecraft:surface_parameters": {
        "sea_floor_depth": 7,
        "sea_floor_material": "minecraft:gravel",
        "foundation_material": "minecraft:stone",
        "mid_material": "minecraft:dirt",
        "top_material": "minecraft:grass_block",
        "sea_material": "minecraft:water"
      },

      "minecraft:tags": {
        "tags": [
          "caves",
          "deep_dark",
          "overworld"
        ]
      }
    }
  }
}
