{
  "format_version": "1.20.60",
  "minecraft:biome": {
    "description": {
      "identifier": "mesa_bryce"
    },
    "components": {
      "minecraft:climate": {
        "downfall": 0.0,
        "snow_accumulation": [ 0.0, 0.125 ],
        "temperature": 2.0
      },
      "minecraft:mesa_surface": {
        "bryce_pillars": true,
        "clay_material": "minecraft:white_terracotta",
        "sea_floor_depth": 7,
        "sea_floor_material": "minecraft:gravel",
        "foundation_material": "minecraft:stone",
        "hard_clay_material": "minecraft:hardened_clay",
        "has_forest": false,
        "mid_material": "minecraft:hardened_clay",
        "top_material": "minecraft:red_sand",
        "sea_material": "minecraft:water"
      },
      "minecraft:overworld_height": {
        "noise_type": "default"
      },

      "minecraft:tags": {
        "tags": [
          "animal",
          "mesa",
          "monster",
          "mutated",
          "overworld"
        ]
      }
    }
  }
}
