{
  "format_version": "1.21.40",
  "minecraft:biome": {
    "description": {
      "identifier": "pale_garden"
    },
    "components": {
      "minecraft:climate": {
        "downfall": 0.8,
        "snow_accumulation": [ 0.0, 0.125 ],
        "temperature": 0.7
      },
      "minecraft:overworld_height": {
        "noise_type": "default"
      },
      "minecraft:surface_parameters": {
        "sea_floor_depth": 7,
        "sea_floor_material": "minecraft:gravel",
        "foundation_material": "minecraft:stone",
        "mid_material": "minecraft:dirt",
        "top_material": "minecraft:grass_block",
        "sea_material": "minecraft:water"
      },
      "minecraft:tags": {
        "tags": [
          "monster",
          "overworld",
          "pale_garden"
        ]
      }
    }
  }
}
